289244243-5,Eye of Vichy  The (Oeil de Vichy  L'),Nels Janoschek,Documentary,1943
057540388-8,Blues Brothers 2000,Sula Redit,Action|Comedy|Musical,2010
457022543-8,Buddies (Colegas),Brett Totterdell,Adventure|Comedy,1987
828490033-5,Ivory Tower,Sharleen Peter,Documentary,2011
969172720-X,Tombs of the Blind Dead (La noche del terror ciego),Timothy Ivers,Horror|Mystery,1966
208417444-9,The Face Behind the Mask,Egan Copcott,Crime|Drama|Film-Noir|Romance,1945
535838184-8,In the Good Old Summertime,Gregoor Choffin,Musical,1990
299184056-0,Spy Who Came in from the Cold  The,Florinda Elderfield,Drama|Thriller,1960
082651194-5,Trial by Jury,Freddie MacCathay,Crime|Drama|Thriller,2006
124509209-X,Colonel Redl (Oberst Redl),Obie Wilkie,Drama,2006
581871157-9,Jungle Book 2  The,Vicky Garthshore,Animation|Children,2009
961822958-0,Letter  The,Roxi Wellings,Drama|Film-Noir,2017
584535669-5,10th & Wolf,Francoise Haworth,Crime|Drama|Thriller,1961
136139419-6,Purely Belter,Jerrylee Saphin,Adventure|Comedy|Drama,1955
634488363-4,Uncle Boonmee Who Can Recall His Past Lives (Loong Boonmee raleuk chat),Neddie Cadwaladr,Drama|Fantasy,2000
426161127-9,Derrida,Ellary Melliard,Documentary,1988
421824744-7,Lonely Are the Brave,Joycelin Wimpenny,Drama|Western,1973
308826069-3,Seed,Danita Rubega,Horror,1974
081180892-0,Falling (a.k.a. Fallen),Rodolphe Mountlow,Drama,1977
576483169-5,Quigley Down Under,Kora Van Weedenburg,Adventure|Drama|Western,1981
824932678-4,Owning Mahowny,Levi Lown,Crime|Drama|Thriller,1946
684214718-2,Shadowing the Third Man,Angeli Summers,Documentary,1942
035293279-1,Cradle of Fear,Teena Fernihough,Crime|Drama|Horror|Mystery|Thriller,1968
507079266-0,Thunderbird Six,Kellby Whettleton,Action|Sci-Fi,2015
075405963-4,B.T.K.,Nonah Maidlow,Crime|Drama|Horror|Mystery|Thriller,1977
759808547-1,Handsome Harry,Hyacinthia Donati,Crime|Drama,2015
131790928-3,Marriage Italian Style (Matrimonio all'italiana),Ardys Nutkin,Comedy|Drama|Romance,1955
732256946-6,Sabata,Pearline O'Hagirtie,Action|Western,2007
447292698-9,Pentimento,Moina Commin,Drama,1994
425002209-9,Stereo,Angelina Dolman,Sci-Fi,1974
214721715-8,Hedwig and the Angry Inch,Horace Chrystie,Comedy|Drama|Musical,1982
760565914-8,Like Mike,Arlette Bonwell,Children|Comedy|Fantasy,1950
201553151-3,Blind Menace  The (Shiranui kengyô),Jerrilee Haddrell,Crime|Drama,2018
532606784-6,Fish Called Wanda  A,Haily Twaite,Comedy|Crime,1988
224634048-9,North and South  Book II,Maryann Hulett,Drama|Romance|War,2001
561024254-1,No Impact Man: The Documentary,Marve Benazet,Documentary,1957
602625182-0,Taxi for Tobruk,Florida Kerbler,Drama|War,2010
859823310-2,Feast of July,Temp Hartle,Drama,2001
393771775-7,Get on the Bus,Celine Pettitt,Drama,1969
611464205-8,Love Games,Ashlie Branscombe,Animation|Drama|Romance,1956
977213779-8,Mumia Abu-Jamal: A Case for Reasonable Doubt?,Killie Fouracre,Documentary,1952
867689062-5,Tin Cup,Shay Wilkennson,Comedy|Drama|Romance,2018
848893753-9,M. Butterfly,Erroll Scoffham,Drama|Romance,1999
784624051-X,Super Size Me,Ignatius Selcraig,Comedy|Documentary|Drama,2001
703796261-9,Dread,Britt Shovelbottom,Horror,2011
506520594-9,Poor White Trash,Maurita Leele,Comedy|Crime,1958
117626338-2,Extreme Prejudice,Candide Penhall,Action,1976
331747391-6,If You Don't Stop It... You'll Go Blind!!!,Lynelle Elphinston,Comedy,1981
674676994-1,Queen and I  The (Drottningen och jag),Ashley Barnwille,Documentary,2002
611637055-1,Eegah,Karia Tillard,Fantasy|Horror|Romance|Thriller,1956
558029646-0,Sometimes a Great Notion,Ema Hussey,Action|Adventure|Drama,2009
118780406-1,If These Walls Could Talk,Joannes Yeldon,Drama,2021
424620389-0,The Man in Possession,Bryce Benkhe,Comedy,1946
458298513-0,Dave Chappelle: For What it's Worth,Horten Casillis,Comedy,1998
325683023-4,Armadillo,Alwin De Giorgis,Documentary|Drama,1984
271291473-2,Vali,Ramsay Trask,Action|Drama,2015
540127591-9,Behind the Screen,Vivianne Dobrowolny,Comedy|Romance,1983
697907451-2,Air Raid Wardens,Joachim Emson,Children|Comedy,1956
908952178-X,Liebelei,Wilhelmine Dislee,Romance,1998
336955256-6,Contracted,Wini Thaine,Drama|Horror|Thriller,1965
286095379-5,Enemy,Sutherland Philbrick,Mystery|Thriller,1996
678334468-1,Men in Black III (M.III.B.) (M.I.B.³),Micky Blakiston,Action|Comedy|Sci-Fi|IMAX,2014
410932444-0,French Kiss,Jo Yepiskopov,Action|Comedy|Romance,1989
306194309-9,Supernova,Stefanie Liddell,Adventure|Sci-Fi|Thriller,1997
144932188-7,Affluenza,Andreas Fellgate,Drama,2012
579567979-8,Monkey Shines,Lucky Lowrey,Horror|Sci-Fi,1990
898094844-1,Village of the Damned,Clemmy McMeekin,Horror|Sci-Fi|Thriller,1974
563470164-3,Why Worry?,Blinny Ennor,Adventure|Comedy|Romance,1985
854758583-4,Lake Mungo,Arte Melledy,Drama|Mystery|Thriller,1991
556495247-2,After Fall  Winter,Gay Kivits,Drama,1951
798027130-0,Leopard Man  The,Zaneta Torrejon,Drama|Horror|Mystery|Thriller,2006
767668869-8,Fun with Dick and Jane,Gabrielle Brotherhead,Comedy|Crime,2008
339088539-0,Diplomatic Immunity (2009– ),Gaston Cardno,Comedy,1979
713856588-7,Patlabor: The Movie (Kidô keisatsu patorebâ: The Movie),Kristian Longson,Action|Animation|Crime|Drama|Film-Noir|Mystery|Sci-Fi|Thriller,1960
038539683-X,Going the Distance,Antonie Antoons,Comedy|Romance,1955
631921181-4,Arnulf Rainer,Brittney Golley,Documentary,1968
044096959-X,Happy Gilmore,Mae Sedgefield,Comedy,1971
515876623-1,Alibi,Dorie Bogays,Crime|Drama,1998
907865555-0,Design for Scandal,Darcee Christoforou,Comedy|Romance,1963
162244096-X,Fist of Legend (Jing wu ying xiong),Cornelius June,Action|Drama,2001
474784317-5,Boundin',Sondra Tregiddo,Animation|Children,1971
680526758-7,Satan Never Sleeps,Laurena MacCollom,Drama|War,1944
778658029-8,Battle Royale 2: Requiem (Batoru rowaiaru II: Chinkonka),Pasquale Garbett,Action|Drama|Thriller|War,1979
302236834-8,Ay  Carmela! (¡Ay  Carmela!),Ollie Cottey,Drama|War,2021
800843322-1,Rosso,Jo-anne Jammet,Crime|Drama,2007
903137725-2,Lassie,Vivia Barstowk,Adventure|Children,1982
050047333-1,Lady in Cement,Anatola Tremelling,Crime|Drama|Mystery|Thriller,1969
534110788-8,Dungeons & Dragons,Starr Brimm,Adventure|Fantasy,1957
116961817-0,Painting Sellers  The (Taulukauppiaat),Porty Dyerson,Drama,1950
095005652-9,Wind,Petronella Magrane,Action|Romance,1946
360672735-6,Rhinoceros,Dar Richichi,Comedy|Drama|Fantasy|Mystery|Romance,2003
938412919-4,Daddy Long Legs,Brew Cotter,Musical|Romance,1944
156836818-6,Goya: Crazy Like a Genius,Gaelan McEntagart,Documentary,2008
165127132-1,Mac and Me,Clair Elijahu,Children|Fantasy|Sci-Fi,1999
346746577-3,The Gilded Cage,Lucinda Dowd,Comedy,1973
488739128-5,Hit Lady,Inglebert Lawrinson,Crime|Drama|Thriller,1950
190810710-3,Man I Love  The,Mordy Hirth,Crime|Drama|Thriller,1986
364250410-8,Open Season 3,Blithe Sheron,Animation|Children|Comedy,2005
445783277-4,American Dream  An,Kahaleel Curtoys,Drama,1985
633559682-2,Q,Alley Acreman,Drama,1996
699609125-X,North Country,Bell McIlwraith,Drama,2010
275228643-0,Pink Saris,Daron Ogus,Documentary|Drama,1974
124411428-6,Plumm Summer  A,Katrina Pletts,Adventure,1957
122380846-7,Pennies from Heaven,Nelson Heinzel,Musical|Romance,1952
720829779-7,Pretty Sweet,Raddy Colloff,Documentary,2016
643069649-9,Django 2: Django Strikes Again,Jacinthe Lindley,Western,2007
689183946-7,Not as a Stranger,Neddy Jikylls,Drama,1980
330794094-5,Jim Jefferies: I Swear to God,Maire Whitwam,Comedy,2012
204108360-3,Hick,Allister Gentil,Drama|Romance,1970
707610047-9,Doctor Strange,Dietrich Ungaretti,Action|Animation|Children|Fantasy|Sci-Fi,1985
073316681-4,Lumihiutalemuodostelma,Gertie Girsch,Comedy|Drama,1995
452371457-6,Bay of Angels (La baie des anges),Anne-corinne Eltringham,Drama|Romance,1982
908404106-2,Let's Kill Ward's Wife,Annmaria Wisson,Comedy,2015
151283128-X,Primal Fear,Horatio Landsberg,Crime|Drama|Mystery|Thriller,2014
412240168-2,Young Goethe in Love,Guillemette Fairy,Drama|Romance,1947
892166505-6,Feds,Lind Diggles,Comedy,1955
868776638-6,Casualties of War,Barbara-anne Lusted,Drama|War,2013
983011317-5,Babadook  The,Chrisy Forrestill,Drama|Horror|Thriller,1954
652421363-7,Frozen  The,Kata Di Pietro,Horror|Thriller,1981
584566642-2,Public Eye  The (Follow Me!),Axe Shackesby,Comedy,1980
638639511-5,Lady of Chance  A,Pippo Falla,Comedy|Drama|Romance,2012
119878134-3,Nobody Owns Me (Mig äger ingen),Nollie Steinham,Drama,2013
718911404-1,Good Hair,Hermie Savidge,Comedy|Documentary,1986
412061226-0,Ferngully: The Last Rainforest,Ruggiero Shortan,Animation|Children|Comedy|Musical,1970
942593033-3,Emmett's Mark,Darrel Gleeson,Crime|Drama|Thriller,1985
274541078-4,Get Low,Kaitlynn Ferrucci,Comedy|Drama|Mystery,2006
235245759-9,God's Sandbox (Tahara),Blair Dressel,Drama,1961
915889954-5,Mamma Roma,Shep Raftery,Drama,1968
843812710-X,Hunt  The (Caza  La),Hugh Pepperrall,Drama|Thriller,1947
874730727-7,Vida precoz y breve de Sabina Rivas  La (Precocious and Brief Life of Sabina Rivas  The),Hanna Bissill,Adventure|Drama|Romance,1963
080389670-0,Tempest  The,Novelia Linney,Drama,1954
077007252-6,My Wife Is a Gangster (Jopog manura),Marge Lisamore,Action|Comedy|Romance,1951
970424774-5,Atlas Shrugged: Part 1,Merwin Silvers,Drama|Mystery|Sci-Fi,2001
301691659-2,Hiroshima Mon Amour,Nevil Kuhne,Drama|Romance|War,2015
264695415-8,John Wick,Willdon Amerighi,Action|Thriller,1947
766106181-3,Pontypool,Darbee Sclater,Horror|Thriller,2015
551218373-7,Jesus of Nazareth,Lilith Macvain,Drama,2002
717582174-3,Kiss or Kill,Rosalie Lepard,Crime|Drama|Thriller,1983
804382647-1,Just Add Water,Alina Durnford,Comedy|Romance,2001
951293555-4,Life and Adventures of Santa Claus  The,Sofia Haddeston,Animation|Children,1991
085379306-9,Agnosia,Perry Forgie,Drama|Thriller,2009
136440188-6,Lemora: A Child's Tale of the Supernatural,Ginger Foystone,Horror,1983
075273864-X,Bell for Adano  A (John Hersey's A Bell for Adano),Armin Alban,Drama|War,1951
102306633-5,Steel Dawn,Berget Stealy,Action|Sci-Fi,1991
034035063-6,Zatoichi Goes to the Fire Festival (Zatôichi abare-himatsuri) (Zatôichi 21),Marget Gosnell,Action|Drama,2012
923976361-9,Terminator  The,Dollie Shaughnessy,Action|Sci-Fi|Thriller,1959
176021289-X,OKA!,Dorian Petrushanko,Drama,1953
775048590-2,Victory,Haily Budden,Drama,1951
820644173-5,The Kiss of Her Flesh,Markos Cresser,Horror|Thriller,2007
562015521-8,Taxi Hunter (Di shi pan guan),Lucine McPherson,Action,2017
986822013-0,Twice Upon a Time,Allyce Cuckson,Animation|Fantasy,1975
842588657-0,Deadly Prey,Shane Oxlee,Action|Adventure|War,1951
849710327-0,Trip  The,Zeb Johantges,Comedy|Drama|Romance,1965
722410736-0,Out for Justice,Francklyn Frankis,Action|Crime|Drama|Thriller,2003
818675610-8,Head-On (Gegen die Wand),Cicily Burgis,Drama|Romance,1978
781862798-7,Caged Heat,Rooney Kadd,Action,1952
402524917-0,Machine Gun McCain (Gli intoccabili),Wake Boyn,Crime|Drama|Thriller,1976
141883843-8,Pete Seeger: The Power of Song,Pegeen Eastbury,Documentary,1950
120429189-6,Delusions of Grandeur (La folie des grandeurs),Artair Ducker,Comedy,2002
167717874-4,Ween Live in Chicago,Inna Nussey,Documentary,2014
790360432-5,Mandabi (The Money Order),Bald Breese,Drama,1948
646779079-0,Swamp Women,Enrico Winson,Adventure|Crime|Horror,1982
853079631-4,Mansion of Madness  The,Leontyne Stegell,Horror,1946
033610790-0,Moolaadé,Thomas Reede,Drama,1992
001350859-8,Guy and Madeline on a Park Bench,Rosalinda Wheatland,Drama|Musical,1977
500129048-1,City  The (Ciudad  La),Alfie Melloy,Drama,2006
342867258-5,Summer in February,Paolina Archell,Drama|Romance,1961
053629037-7,Crossfire Hurricane,Adolphus Binfield,Documentary|Musical,2019
528611397-4,Sholay,Mathilde Brozsset,Action|Adventure|Comedy|Musical|Romance|Thriller,1991
731599622-2,Lucky Number Slevin,Misha Carik,Crime|Drama|Mystery,1988
128109900-7,Hercules in New York,Cleopatra Dowey,Action|Comedy|Fantasy,1973
695178758-1,Ordinary Miracles,Fabe Matuszynski,Drama,1989
421349934-0,Lower Depths  The (Donzoko),Ted Gueny,Comedy|Drama,1999
907567344-2,Movie Movie,Rosmunda Bruty,Comedy|Musical,2005
019972565-9,Out of Nature,Salomi Blackaller,(no genres listed),1981
226016637-7,Arlington Road,Carla Stayt,Thriller,2018
573279009-8,The Baby Maker,Samuele Kingston,Drama,2005
485702042-4,Callas Forever,Fletcher Prosek,Drama,1989
752458349-4,Sin Retorno,Oralie Bartalin,Drama|Thriller,1956
338964759-7,Maborosi (Maboroshi no hikari),Arnuad Mantripp,Drama,1944
637014749-4,The Winslow Boy,Elbertine McGairl,Children|Crime|Drama,1992
735773361-0,Sullivan's Travels,Patin Leward,Adventure|Comedy|Romance,2007
393310664-8,Zombies of Mora Tau,Lyndy Fearon,Horror,2015
307973787-3,King Kong,Charla Murrell,Action|Adventure|Drama|Fantasy|Thriller,1974
290394691-4,Wish Upon a Star,Jamie Fortoun,Comedy,1993
938514711-0,Story of O  The (Histoire d'O),Ewart Backen,Drama|Romance,1963
369240558-8,Escape Fire: The Fight to Rescue American Healthcare,Giovanni Castelin,Documentary,1958
240088720-9,Frozen Dead  The,Gwyn Georgius,Horror|Sci-Fi,2017
478372922-0,Bride Flight,Malena Eusden,Drama,1946
546834981-7,Funny People,Anita Clooney,Comedy|Drama,2016
955783216-9,Reckless,Shalna Sarson,Comedy|Drama|Romance,1949
143394914-8,Two Night Stand,Keir Camamill,Comedy|Romance,2003
947171568-7,Himizu,Audra Partner,Children|Crime|Drama,2005
789332080-X,Hori Smoku Sailor Jerry: The Life of Norman K. Collins ,Russell Fruser,Documentary,2004
125141306-4,Courageous,Sari Trevor,Drama,1964
489985114-6,Age of the Medici  The (L'età di Cosimo de Medici) ,Sayers Petkov,Drama,1964
525859736-9,Bench  The (Bænken),Hamish Adamides,Drama,1991
853000403-5,Temp  The,Anette Giraudoux,Drama|Thriller,1947
018455295-8,The 39 Steps,Elyn Drew-Clifton,Crime|Mystery|Thriller,1949
508127943-9,Isolation,Franchot Davitti,Horror|Thriller,2018
081161058-6,Lost Boys  The,Deerdre Sudy,Comedy|Horror|Thriller,1992
146489772-7,Shaggy Dog  The,Malynda Barthrup,Children|Comedy,2008
514649534-3,The Gallant Hours,Garrick Blandford,(no genres listed),2012
515962714-6,Chorus Line  A,Gabriel Thirlaway,Comedy|Drama|Musical,2005
741540906-X,Combat Girls (Kriegerin),Carlyn Artis,Drama,1966
754166841-9,Workingman's Death,Adrien Hardaway,Documentary,2011
572024314-3,O'Horten,Linette Cahill,Comedy|Drama,1944
163788212-2,Ong-Bak 3: The Final Battle (Ong Bak 3),Adrien Mathwen,Action,1961
291532517-0,Meat Love,Eddi Robardey,Comedy|Fantasy,1995
593209716-7,Against One Another  Virtually Friends,Hailee Round,Comedy,1951
607104694-7,Marie Antoinette,Ann Dashkovich,Drama|Romance,1981
890117116-3,My Life So Far,Rorke Malloch,Drama,1983
676064708-4,Lumihiutalemuodostelma,Gaspar Torr,Comedy|Drama,1965
128213748-4,Erik the Viking,Griselda Chasen,Adventure|Comedy|Fantasy,1975
628899002-7,Homecoming  The,Sunshine Kensley,Drama,2005
985894863-8,Monster's Ball,Mandel Palfreeman,Drama|Romance,1990
922799680-X,Jupiter's Wife,Abbie Polding,Documentary,1996
042991769-4,Putty Hill,Felice Maberley,Drama,2004
939917914-1,In Secret,Marlane Heart,Crime|Drama|Romance|Thriller,1987
396577669-X,18 Years Old and Rising (J'aime regarder les filles),Geoffry Paskerful,Comedy,1971
505245450-3,Adventures of Hajji Baba  The,Opalina Janssens,Action|Adventure|Romance,2018
159019756-9,Birdman of Alcatraz,Paulette Blizard,Drama,1986
659540910-0,Hen  his wife,Angelo Dall,(no genres listed),1951
172553200-X,American Scary,Kathleen Sotheron,Comedy|Documentary|Horror,2012
540128904-9,The Raid: Redemption,Michelina Ekell,Action|Crime,1971
135887841-2,3 A.M.,Darrelle Shoveller,Crime|Mystery|Romance,1994
460710556-2,Twist of Faith,Stefa Hamflett,Documentary,2016
028999452-7,Besieged (a.k.a. L' Assedio),Amara Lomax,Drama,2017
047240177-7,Moustache  La,Tiebout Beagley,Drama|Mystery|Thriller,1953
981004620-0,Louis C.K.: Chewed Up,Vina Treadgold,Comedy,1956
647395106-7,Beneath,Tomaso Harman,Horror,2013
986648260-X,Edge of the World  The,Demetris Janjusevic,Drama|Romance,2007
940129403-8,Seas Beneath,Darelle Robroe,Action|Drama|War,1988
438413848-2,Fantastic Voyage,Marlyn Munsey,Adventure|Sci-Fi,2021
769971586-1,Citizen Koch,Geoffrey Moens,Documentary,1964
454583912-6,If a Tree Falls: A Story of the Earth Liberation Front,Mychal Sirey,Documentary,1965
453850950-7,King of Hearts,Lindsey Mundow,Comedy|Drama|War,2007
304470528-2,This Is the End,Hermina Cove,Action|Comedy,2012
754606026-5,Goodfellas,Elladine Scorey,Crime|Drama,1985
638723634-7,Cradle Will Rock,Kasey Abarough,Drama,1994
834941806-0,Modify ,Sargent Lynam,Documentary,1982
950202701-9,Electra  My Love (Szerelmem  Elektra),Becky McDonough,Drama,1943
481271320-X,Runaway Train,Rolf Piche,Action|Adventure|Drama|Thriller,2014
237399746-0,Woman's Face  A (En kvinnas ansikte) ,Essa Pietzker,Drama,2019
827698582-3,Pool  The,Berk Carlesso,Comedy|Drama,1971
507026906-2,Elvis and Anabelle,Roana MacGeaney,Drama|Romance,1947
620854507-2,Desert Winds,Hussein Boscott,Drama|Fantasy|Romance,1961
503745921-4,Swordfish,Marcelle Quidenham,Action|Crime|Drama,1971
545150231-5,Jungle Creature: Hugo  The (Jungledyret) (Go Hugo Go),Geoffry Rowland,Animation|Children|Musical|Romance,1942
663262250-X,Pirates of Penzance  The,Garvey Zanetello,Adventure|Comedy|Musical|Romance,1951
817450483-4,Inside the Twin Towers,Ulrika McCarthy,Drama,1963
229143790-9,Freeloaders,Hana Minguet,Comedy,1968
212708104-8,Descent: Part 2  The,Federico Migheli,Adventure|Horror|Thriller,2016
230191874-2,Act of Aggression,Robinia Cardnell,Crime|Drama,1947
667862659-1,Prometheus,Kaia Dimitriev,Action|Horror|Sci-Fi|IMAX,2006
290322635-0,Stickup  The,Valentia Yanshin,Action|Crime|Mystery,1964
118806272-7,Distant (Uzak),Cleo Marks,Drama,1982
417828779-6,Reincarnation of Peter Proud  The,Galvin Dellatorre,Horror|Mystery,2004
284341512-8,Mr. Robinson Crusoe,Aubrey Comberbeach,Adventure|Comedy,2004
046677230-0,Bachelor Mother,Aigneis Bischof,Comedy|Romance,1987
568035677-5,Love & Human Remains,Fina Karim,Comedy|Drama,1969
709216584-9,For the Boys,Edmund Ashpital,Comedy|Drama|Musical,1951
740301819-2,Temp  The,Lorinda Swatland,Drama|Thriller,2008
653858124-2,Zoolander,Alisha Whithorn,Comedy,1977
623714092-1,Creep,Daryl Spelsbury,Horror|Thriller,2010
459040338-2,Unfinished Life  An,Gretta Berkley,Drama,1996
670176500-9,To Gillian on Her 37th Birthday,Ellery Knotton,Drama|Romance,2004
443732681-4,Accidents Happen,Josey Shank,Comedy|Drama,1948
363647536-3,Pet Sematary,Simmonds Vell,Horror,1949
594713330-X,Forbidden Door (Pintu Terlarang),Stace Rispen,Drama|Mystery|Thriller,2002
432349988-4,Titanic,Domenic Shadbolt,Action|Drama|Romance,1983
172187759-2,The Hearts of Age,Saba Skotcher,(no genres listed),2009
337611877-9,Full Speed (À toute vitesse),Clarissa Saunter,Drama,1997
321745672-6,Astronaut Farmer  The,Lillian O' Dornan,Drama,1982
370396529-0,Monday Night Mayhem,Sherilyn Dewis,Drama,1949
785661234-7,Curse of the Werewolf  The,Waylin Doget,Drama|Horror|Romance,1943
159650940-6,Who Do I Gotta Kill?,Flem Marieton,Comedy,1957
532988651-1,Pacific Rim,Ginger Pressland,Action|Adventure|Sci-Fi|IMAX,1944
788313965-7,Sawdust and Tinsel (Gycklarnas afton),Fabiano Sapsed,Drama,1984
303791214-6,Post Mortem,Corey Merryman,Drama,1967
379270275-4,Belizaire the Cajun,Alexine Noli,Drama,2001
906815575-X,Oceans (Océans),Avigdor Zute,Documentary|Drama,1963
543547911-8,Berserk: The Golden Age Arc - The Egg of the King,Cybill Norrington,Action|Adventure|Animation|Fantasy|Horror,1966
884235385-X,Creature,Eyde Wettern,Documentary,1980
660233016-0,Confessions of a Burning Man,Christie Jouandet,Documentary,2016
254612427-7,Shackleton's Antarctic Adventure,Augusta Bysouth,Documentary|IMAX,1986
260308881-5,Seven (a.k.a. Se7en),Ellissa Elnor,Mystery|Thriller,2006
673983945-X,Thrushes Are Still Singing  The (Ta kourelia tragoudane akoma...),Berkley Grunwall,Adventure|Crime|Drama,1950
443744940-1,Circle of Eight,Sabra Harvard,Horror|Mystery,1975
582936278-3,Satan's Little Helper,Skelly Geist,Comedy|Horror,1964
556921920-X,Obsessed,Karna Ellicock,Crime|Drama|Thriller,1971
691427955-1,61*,Ira Monelle,Drama,1951
835632562-5,Portraits Chinois,Myrtle Ghidini,Drama,1962
279684078-6,Taqwacore: The Birth of Punk Islam,Zorana Semark,Documentary,2002
618564744-3,Peyton Place,Billy Lightbody,Drama|Romance,1990
798736549-1,Boy Meets Girl,Claiborn Raulstone,Drama,1969
079652731-8,Miss Bala,Anna-diane Kitchener,Action|Adventure|Drama|Thriller,2020
427021473-2,Milky Way  The,Stillmann Gerrietz,Comedy,1962
597446090-1,Show Boat,Aguistin Melan,Drama|Musical|Romance,1970
755628243-0,Cecil B. DeMented,Sandro Skillitt,Comedy,1990
006359246-0,The Man in Possession,Hobey Bento,Comedy,1987
331991838-9,Investigation of a Citizen Above Suspicion (Indagine su un cittadino al di sopra di ogni sospetto),Carin Leaman,Crime|Drama|Thriller,2021
524213572-7,Do You Like Hitchcock? (Ti piace Hitchcock?),Ed Neylan,Horror|Mystery|Thriller,1967
977146644-5,Wee Willie Winkie,Cherice Dictus,Adventure,1967
574829919-4,Bitch Slap,Robbi Draxford,Action|Comedy|Crime|Thriller,1968
174823419-6,Happy-Go-Lucky,Gisele Theaker,Comedy|Drama,1980
830530539-2,Black Box  The (La boîte noire),Alethea Tinniswood,Mystery|Thriller,1999
465678603-9,Saint Ralph,Jody Skittles,Comedy|Drama,1975
646385213-9,I Am Curious (Yellow) (Jag är nyfiken - en film i gult),Joyce Bizley,Documentary|Drama,2008
589463470-9,1969,Jerrine Farryann,Drama|War,1953
777204102-0,Letter to Three Wives  A,Sergeant Dabbs,Comedy|Drama,2004
004675131-9,Funny Thing Happened on the Way to the Forum  A,Broddie O'Henehan,Comedy|Musical,1975
583413250-2,Hours  The,Corri Dugdale,Drama|Romance,2016
168622033-2,Kommissarie Späck,Sumner Burley,Comedy,2015
731792566-7,Crimes and Misdemeanors,Feliks Goble,Comedy|Crime|Drama,1969
488268342-3,Tamara,Gaylord Ramalhete,Fantasy|Horror|Thriller,1956
724100416-7,Amor?,Arlee Grandisson,Drama,1999
943721996-6,2001 Maniacs,Eileen Filippov,Comedy|Horror,1998
651463252-1,Twilight's Last Gleaming,Forrester Meech,Thriller,2007
536011041-4,Fire in the Blood,Iormina Llewellen,Documentary,1992
163629158-9,Danube Exodus  The,Harry Pinck,Documentary,1992
370110624-X,Mirror  The (Ayneh),Cristabel Nowell,Drama,2006
610219498-5,Momma's Man,Hakeem Winsiowiecki,Drama,1976
581440823-5,Turn Left at the End of the World (Sof Ha'Olam Smola),Augie Wilmut,Drama|Romance,1951
181686440-4,Spring in a Small Town (Xiao cheng zhi chun),Ardene Kermon,Drama|Romance,1964
947685628-9,Mob  The,Verne Ferenczi,Crime|Drama|Film-Noir,1949
766584377-8,Tarzan the Fearless,Olivie Corain,Action|Adventure,1975
566980670-0,Summer of the Monkeys,Frederique Sutterfield,Children|Drama,1954
214384085-3,Jimmy Carter Man from Plains,Mag Weavill,Documentary,1954
943506683-6,Career Girls,Aliza O'Loinn,Drama,1995
834110903-4,Color of Night,Blaine Lamblin,Drama|Thriller,1951
220615022-0,Father and Son (Otets i syn),Alano Rowling,Drama,1952
125730740-1,Bandit Queen,Querida Sandercock,Drama,1980
614583444-7,Bustin' Down the Door,Bucky Hartles,Documentary,1970
855996913-6,Stray Dog (Nora inu),Kathie Foxcroft,Drama|Film-Noir|Thriller,2009
800573918-4,Noises Off...,Brenda Barehead,Comedy,1953
816502855-3,Tyler Perry's Madea's Witness Protection,Hilliary Amar,Comedy,2012
690721671-X,All the Rage (It's the Rage),Bea Coomber,Drama,2001
679200136-8,Jubal,Samantha Penni,Western,1990
273928248-6,Seraphim Falls,Katee Jenno,Action|Adventure|Drama|War|Western,1947
268925460-3,Rocky IV,Hestia O' Gara,Action|Drama,2014
966826190-9,Frenchman's Creek,Leela Boardman,Adventure|Drama|Romance,2011
932827533-4,Match  The,Alard Jahnel,Comedy|Romance,2018
543368310-9,Elena,Rubie Thirlaway,Drama,1992
516930867-1,Rich  Young and Pretty,Colly Patington,Comedy|Musical|Romance,1989
878003020-3,Miss Météo,Robbin Menichino,Comedy|Drama,2016
930662312-7,From Prada to Nada,Job Djurkovic,Comedy|Romance,2012
602666595-1,Soldier's Girl,Aliza Deveral,Drama,1984
370270132-X,Beavis and Butt-Head Do America,Bartolemo Aberdeen,Adventure|Animation|Comedy|Crime,1987
988840017-7,Tiger's Tail  The,Dame Rodda,Comedy|Crime|Drama|Mystery|Thriller,1995
062309356-1,It's All About Love,Emylee Boughtflower,Drama|Romance|Sci-Fi|Thriller,1948
644265878-3,Séraphine,Quinn Winslade,Drama|War,2002
705570260-7,Tales from the Crypt,Carlee Hadley,Horror,1989
853391839-9,Alibi,Hayward Durdan,Crime|Drama,1944
611861189-0,My Amityville Horror,Ailis Dederick,Documentary,1989
413302818-X,Little City,Tedd Beaney,Comedy|Romance,1949
339637733-8,Sorrow and Joy (Sorg og glæde),Grenville Lackington,Drama,2018
653074824-5,Tennessee,Tonya Ibbott,Drama,1963
522475950-1,Parade,Rianon Bisseker,Children|Comedy,2008
391006940-1,Year of the Jellyfish (L'année des méduses),Cthrine Rickett,Drama,1974
916725642-2,Acacia,Godwin Oxenham,Horror,1989
107631315-9,Hammett,Locke Liddyard,Crime|Mystery,1990
331458486-5,Molokai (Molokai: The Story of Father Damien),Shelden Grabert,Drama,1945
002202331-3,Admiral,Jules Viscovi,Drama|War,2004
336121459-9,8MM 2,Basilius Cogin,Drama|Mystery|Thriller,1995
418500663-2,Possessed (Besat),Joanie Simonite,Action|Crime|Drama|Horror|Thriller,1993
427638230-0,Off Beat,Tilly Lethbrig,Drama|Romance,1987
366513387-4,Condo Painting,Cacilie Carman,Documentary,2012
856864860-6,Holiday Wishes,Addie Pulham,Children|Comedy|Drama,1957
638218666-X,River  The (Joki),Benedikt Studders,Drama,1945
613063572-9,Dancing Hawk  The (Tanczacy jastrzab),Law Wallett,(no genres listed),2001
211751161-9,Hunchback  The,Valida Piggin,Drama,1949
071049319-3,Orphans,Morissa Naish,Comedy|Drama,1950
849153156-4,Safety Patrol,Rhetta Gallichan,(no genres listed),1974
132457791-6,One Man Band,Jaymie Deards,Animation|Comedy|Musical,2006
398038849-2,Volga - Volga,Frasco Blay,Comedy|Musical,1986
022475100-X,Last Klezmer: Leopold Kozlowski  His Life and Music  The,Jake Standon,Documentary,1998
840452100-X,Tomb of Ligeia  The,Colleen Slobom,Horror,1955
223544318-4,AKA,Amelina Rangeley,Drama,2021
363661862-8,Guest from the Future (Gostya iz buduschego),Ermin Cocker,Adventure|Drama|Sci-Fi,1990
257903065-4,Forever Mine,Nathan Purseglove,Crime|Drama|Romance|Thriller,1943
700183264-2,7 Dwarves: The Forest Is Not Enough,Leonardo Piddington,Comedy,1973
197546299-8,Love Affair,Abner Link,Comedy|Drama|Romance,1942
076311354-9,Bug's Life  A,Claudine Fosserd,Adventure|Animation|Children|Comedy,1960
336002855-4,Dragon Ball Z: Wrath of the Dragon (Doragon bôru Z 13: Ryûken bakuhatsu!! Gokû ga yaraneba dare ga yaru),Marvin Fairbridge,Action|Adventure|Animation,2001
411023319-4,Life and Debt,Baudoin Trembey,Documentary,1973
817628559-5,Godzilla vs. The Sea Monster (Gojira-Ebira-Mosura: Nankai no daiketto),Ettie Espinazo,Action|Adventure|Fantasy|Sci-Fi,1993
156422518-6,Brokedown Palace,Lindsey Miner,Drama,2009
657043788-7,Mickey Blue Eyes,Janella Sillito,Comedy|Romance,1976
986459500-8,Young and Innocent,Dacy Epperson,Crime|Thriller,1957
969571035-2,Better Off Dead...,Eward Dolman,Comedy|Romance,2010
172042022-X,Christmas Comes but Once a Year,Nani Langland,(no genres listed),1982
803553209-X,4 Months  3 Weeks and 2 Days (4 luni  3 saptamâni si 2 zile),Anneliese Gyurkovics,Drama,1983
350003241-9,Ill Manors,Renado Holtum,Crime|Drama,1947
900121859-8,Blow Dry (a.k.a. Never Better),Jamil Glaisner,Comedy,1986
221664264-9,Snipes,Alden Malser,Drama|Thriller,1950
231678810-6,Grill Point (Halbe Treppe),Paige Mugglestone,Drama,1997
435943801-X,Fistful of Dollars  A (Per un pugno di dollari),Kalinda Goodridge,Action|Western,2015
225622675-1,Björk: Volumen,Kimmy Stripling,Animation|Musical,1982
688947341-8,Messenger  The,Gabey Eim,Drama|Romance|War,1945
080380198-X,Landscape Suicide,Conni Duester,Crime|Drama,2007
578452118-7,Sex in Chains (Geschlecht in Fesseln),Sonnie Middas,Drama,1954
804727827-4,Au revoir les enfants,Shane Slesser,Drama,2015
674208682-3,Matador  The,Jan Serraillier,Documentary,2014
365594506-X,Decline of Western Civilization  The,Kendal Barchrameev,Documentary|Musical,2019
485538580-8,Gray's Anatomy,Gabbie Chittleburgh,Comedy|Drama,2009
685176077-0,Cranford,Ingra Bloor,Drama,1982
393081909-0,Apparition  The,Ashlee MacGillivray,Horror|Thriller,2001
108685201-X,Stop Train 349,Griswold Abercrombie,Drama,1974
287872343-0,The Big Cube,Pyotr Boatswain,Mystery|Thriller,1957
069803460-0,Company,Fred Kinningley,Drama|Musical,1986
012805449-2,Direct from Brooklyn,Shayna Archard,(no genres listed),1983
082027567-0,Boob  The,Bertie Decort,Comedy|Romance,2016
142502690-7,Fox  The,Theresa Foley,Drama,1966
989974036-5,Insanitarium,Simmonds Silverthorne,Horror|Thriller,2009
813202475-3,Pallbearer  The,Carmelle Rapp,Comedy,1995
693144637-1,Beethoven's 2nd,Phedra Carnson,Children|Comedy,1970
900155100-9,Women on the 6th Floor  The (Les Femmes du 6ème Étage),Debby Krzysztof,Comedy,2017
073691618-0,Don't Be Afraid of the Dark,Nanon Benard,Horror|Thriller,1943
500513297-X,Below,Anestassia Blaney,Horror,1985
414431479-0,12th & Delaware,Rhianon Perri,Documentary,1962
640765906-X,It Happened on Fifth Avenue,Ella Shepherd,Comedy|Romance,2011
277478440-9,The Way He Looks,Ogden Bernardy,Drama|Romance,1974
720008677-0,Beware of Pity,Paloma Lasselle,Drama|Romance,2010
041661229-6,Now and Forever,Jean Tull,Drama|Romance,2018
203204485-4,They Might Be Giants,Alex Hurl,Comedy|Mystery|Romance,2011
547721794-4,Play the Game,Kirbee Yare,Comedy|Romance,1997
259638162-1,Hannah Free,Forrester Turk,Drama,1982
865477548-3,Open Season 2,Wilfred Golightly,Adventure|Animation|Children|Comedy,1955
754108504-9,Enter the Dragon,Magdalen Favey,Action|Crime,1982
432298150-X,Born to Fight,Claudius Fairest,Action|Children|Drama,2020
950973042-4,Dead Pit  The,Sebastien Semon,Horror,1975
753191140-X,Young Bess,Leigh Travis,Drama|Romance,1985
978288579-7,Three Men and a Baby,Karla Goslin,Comedy,1945
643835420-1,My One and Only,Germana Crandon,Comedy|Drama,2019
591290297-8,The Conrad Boys,Hilliard MacCawley,Drama,1981
535571360-2,Who'll Stop the Rain,Bentlee Franzman,Crime|Drama,2021
811474252-6,Return of Jafar  The,Aldon Tebboth,Adventure|Animation|Children|Fantasy|Musical|Romance,1952
404865994-4,Tie Me Up! Tie Me Down! (¡Átame!),Baily Huygen,Crime|Drama|Romance,1947
290193547-8,Barbary Coast Gent (Gold Town) (Honest Thief  The),Bunnie Heaney,Comedy|Western,1944
328289898-3,Muppets From Space,Jeremy Skerm,Children|Comedy,1994
518198061-9,Tales of Ordinary Madness (Storie di Ordinaria Follia),Nichole Jobke,Drama,1980
132205370-7,2 Days in New York,Rollins Mattiussi,Comedy,1998
167284975-6,Bloodlust: Subspecies III,Boote Poundford,Horror,2009
224391049-7,God Save the King,Marylin Hugueville,Comedy|Drama|Romance,1945
745548181-0,Four Brothers,Jerrold Eddleston,Action|Crime|Drama,1943
031511230-1,Outrageous Class (Hababam sinifi),Olympie Giacopini,Comedy|Drama,2015
953585457-7,You Can't Take It with You,Constantia Mixter,Comedy|Romance,1991
424934868-7,God Help the Girl,Meridel Dallyn,Drama|Musical|Romance,2012
295515960-3,TPB AFK: The Pirate Bay Away from Keyboard,Eal Juliano,Documentary,2012
701018973-0,20 Dates,Sharona Scurfield,Comedy|Romance,1952
668628580-3,3 Ring Circus,Britney Frowing,Comedy,1942
438385748-5,King of California,Rickard Vinecombe,Comedy,2014
561081632-7,I Thank a Fool,Hallie Brent,Drama,2019
687030027-5,High School Hellcats,Alexis Ivanuschka,Crime|Drama,1945
803649467-1,Freshman  The,Gui Pinwill,Comedy,2007
372762617-8,Up the Down Staircase,Dunn Garz,Drama,1965
492068310-3,David and Lisa,Clevie Taile,Drama,1944
447506196-2,Hit Man,Tully Perris,Crime|Drama,2020
982428138-X,Seven Sinners,Sascha Whitebread,Comedy|Drama|Romance,1993
132308079-1,My Little Pony: Equestria Girls,Vanessa Vassman,Animation|Children|Fantasy,2014
668372750-3,Helen of Troy,Darice Clifforth,Action|Adventure|Drama|Romance,1955
020661088-2,Stop at Nothing: The Lance Armstrong Story,Sandy Rissen,Documentary|Thriller,1979
677270493-2,Helen,Raquel Dockwra,Drama,1998
707631123-2,Beautician and the Beast  The,Austina Alyutin,Comedy|Romance,1948
562705630-4,Gold,Zonnya Ruddock,Western,2021
710600850-8,Siegfried & Roy: The Magic Box,Daveen Bricket,Documentary|IMAX,1987
918861487-5,Fur: An Imaginary Portrait of Diane Arbus,Temple Scudamore,Drama|Fantasy|Romance,2016
846056650-1,Angry Video Game Nerd: The Movie,Gilbert Norree,Adventure|Comedy|Sci-Fi,1973
933071813-2,End of the Spear,Ulises Greest,Drama,2018
365679997-0,Alpha and Omega 2: A Howl-iday Adventure (Alpha & Omega 2),Clyde Quidenham,Action|Adventure|Animation|Children|Comedy,1975
497311726-9,Willow Creek,Kassandra Hardy-Piggin,Horror|Mystery,2010
052194425-2,Sunset Park,Dannye Innott,Drama,2002
926697167-7,Siberia,Ellary Fellos,Comedy,1973
296911601-4,Truly Human (Et rigtigt menneske),Robenia Shedd,Drama,1942
001944399-4,Make Your Move,Marcelo Bertelmot,Musical,1956
516965579-7,Deceptive Practice: The Mysteries and Mentors of Ricky Jay,Hurley Harkes,Documentary,2002
400545398-8,Independencia,Nessie Giorgietto,Drama,1954
147281128-3,Graduate  The,Celine Kentish,Comedy|Drama|Romance,1947
198722184-2,Attack on the Iron Coast,Elisa Proudlock,Action|Drama|War,1955
540831514-2,Pot O' Gold,Jacenta Fairholme,Comedy|Musical,1970
774187246-X,Patsy,Maryjane Holmyard,Comedy|Drama|Mystery|Romance,1943
722439348-7,Future by Design,Dalila Stiller,Documentary|Sci-Fi,1997
538496308-5,Bride of the Wind,Carly Fowells,Drama|Musical|Romance,1968
540666875-7,We Are What We Are,Damaris Massard,Drama|Horror|Mystery|Thriller,1998
070734953-2,Generation War,Meyer Pledge,Drama|War,2008
301503893-1,The Good Son,Alonzo Cartmail,Thriller,1985
415485631-6,A Patriotic Man,Ellynn Clifforth,Comedy|Drama,1977
043065240-2,Gold Diggers of 1935,Giustina Shegog,Comedy|Musical,1982
305227900-9,Aks,Rochella Eidler,Thriller,1962
944780482-9,Gold Diggers of 1935,Marchall Dangerfield,Comedy|Musical,2010
644502278-2,New York Minute,Kimberly Thursfield,Action|Adventure|Comedy,1988
397067335-6,Forsaken  The,Abdul Juster,Horror,1977
702643973-1,Magus  The,Hadlee Dressel,Drama|Fantasy|Mystery,1942
270009495-6,Aamir,Ceciley Eede,Drama|Thriller,1971
061679389-8,Take Me Home Tonight,Anatollo Swigg,Comedy|Drama,2015
165610727-9,Man Who Wasn't There  The,Kevan Gasquoine,Crime|Drama,1951
393448254-6,Blink,Olivette Ede,Thriller,2009
145836633-2,Three Musketeers  The,Mona Handscombe,Action|Adventure|Comedy,1984
347149601-7,Skin Too Few: The Days of Nick Drake  A,Agatha Dabes,Documentary,1947
156102670-0,Joy Ride 2: Dead Ahead,Margaux Haslehurst,Action|Horror|Thriller,2017
132195562-6,Providence,Cherye Swanbourne,Drama,1971
874622415-7,Bound by Honor (a.k.a. Blood In  Blood Out),Eleanore Pietrusiak,Action|Crime|Drama|Thriller,1997
528905488-X,Cherry 2000,Kenyon Draisey,Romance|Sci-Fi,2004
266743921-X,Siberia,Tricia Foucher,Comedy,1973
720334831-8,Olympus Has Fallen,Felike Mayoral,Action|Thriller,2017
347455464-6,Letter  The,Beatrice De La Coste,Drama,1956
569755736-1,Star 80,Mathias Pirie,Drama,1964
381464600-2,I Married A Strange Person!,Ross Conan,Animation|Comedy|Fantasy|Sci-Fi,1949
044473029-X,Candleshoe,Abby Hartzenberg,Adventure|Children|Comedy,2018
547252186-6,2016: Obama's America,Aridatha Rist,Documentary,2008
342861398-8,Tungsten,Krystal McCrudden,Drama,1990
583591469-5,Paranormal Activity 4,Addi Joanic,Horror|IMAX,1993
363126449-6,Night Flier,Mae Clemencet,Horror,1949
463405531-7,Dragonfly,Felice Broggetti,Drama,1974
640493663-1,Bang Bang Club  The,Morgun Dayer,Drama,2013
097102650-5,National Lampoon's Van Wilder: The Rise of Taj,Scotty Jerrolt,Comedy,1971
962765272-5,Man of the Year,Thatch Richardet,Comedy|Thriller,1948
786374436-9,Farmageddon,Izak Emerson,Documentary,1999
993348933-X,Doctor Bull,Niki Jeaycock,Comedy|Drama,1995
704745859-X,Sin City: A Dame to Kill For,Stephanus Andreolli,Action|Crime|Thriller,1953
671451569-3,Blackout  The,Caritta Bruckman,Drama,2006
737815220-X,London Boulevard,Griffie Osgordby,Crime|Romance,1984
822319262-4,Turks & Caicos,Shalne Whebell,Drama|Mystery|Thriller,1969
909950722-4,Electrick Children,Kean Kembrey,Drama,1987
052257891-8,King of the Ants,Jefferey Hadden,Crime|Horror,1962
664461722-0,Danika,Cookie Tordiffe,Drama|Horror|Thriller,1992
770349920-X,Puppet Master II,Anneliese Leythley,Horror|Sci-Fi|Thriller,1991
733645280-9,Element of Crime  The (Forbrydelsens Element),Dael Ledekker,Drama|Thriller,1991
417942847-4,Enola Gay and the Atomic Bombing of Japan,Nisse Claw,Documentary,1980
981423313-7,Satan's School for Girls,Adey Barhims,Crime|Horror|Mystery,1998
143032070-2,Dark Forces (Harlequin),Bernetta Shuter,Drama|Fantasy|Mystery,2015
752149784-8,Lady  The,Toinette Eltune,Drama,1969
048021401-8,Don't Look Now: We're Being Shot At (La grande vadrouille),Rudiger Shatford,Comedy|War,2003
906641607-6,Garage,Filippo Pirdy,Drama,2001
218190425-1,Prometheus,Alexandre Siverns,Action|Horror|Sci-Fi|IMAX,1979
977245403-3,25 Watts,Hamilton Ley,Comedy|Drama,2018
368654933-6,Polytechnique,Brandi Widdop,Crime|Drama,1991
421837185-7,Detour,Axe McRamsey,Crime|Film-Noir,1956
708630462-X,C.H.U.D.,Timothea Iwanowski,Horror,1991
730076681-1,Line  The (La linea),Lyon Johnes,Action|Crime|Drama|Thriller,1955
082827254-9,Silent Partner,Grover Pierro,Action|Mystery|Thriller,1979
843797397-X,Hôtel du Nord,Fan Tarburn,Drama,1958
495186346-4,Midnight in the Garden of Good and Evil,Lina Cordy,Crime|Drama|Mystery,1944
698179656-2,SOS - en segelsällskapsresa,Mitzi O'Brallaghan,Comedy,1955
356799672-X,Jew in the Lotus  The,Mariele Stitwell,Documentary,1988
978708404-0,American Buffalo,Allyce Selkirk,Crime|Drama,1965
880615637-3,Too Early  Too Late (Trop tôt  trop tard),Brewer Dany,Drama,1995
805406833-6,Sister Act 2: Back in the Habit,Klement Arpin,Comedy,2004
312623336-8,Boys' Night Out,Portia Shirland,Comedy,2002
059693293-6,Kalifornia,Porty Bemrose,Drama|Thriller,2014
449995074-0,Black Robe,Lory Klimkowski,Adventure|Drama,1985
939118826-5,Thy Womb (Sinapupunan),Jervis Molnar,Drama,2014
454363531-0,Housekeeper  The (femme de ménage  Une),Irwinn Windle,Comedy|Drama|Romance,1947
333089241-2,Family Band: The Cowsills Story ,Reta Daily,Documentary,1992
927851038-6,Who Is Harry Nilsson (And Why Is Everybody Talkin' About Him?),Koo Kestell,Documentary,1980
440550924-7,I Are You  You Am Me (Tenkosei),Georas Cranney,Comedy,2000
691262524-X,Cleo from 5 to 7 (Cléo de 5 à 7),Barnebas Timmes,Drama,1949
354556861-X,Case of You  A,Ayn Pinwill,Comedy|Romance,1974
388973712-9,Luster,Randee Evetts,Comedy|Drama|Romance,1946
745087625-6,Breathless (À bout de souffle),Emelen Rusbridge,Crime|Drama|Romance,2009
802501331-6,Nas: Time Is Illmatic,Dall Marshall,Documentary,1954
485728466-9,Mondovino,Laina Creffeild,Documentary,2020
278894031-9,Morning After  The,Bartlett Strond,Drama|Mystery,1989
395677396-9,Scars of Dracula,Shelba Mortlock,Horror,1966
883205705-0,Independence Day (a.k.a. ID4),Boone Kaas,Action|Adventure|Sci-Fi|Thriller,2005
734085070-8,Kid With a Bike  The (Le gamin au vélo),Tasha Sollom,Drama,1963
447197739-3,Verboten!,Giacomo Geake,Action|Romance|War,1942
790931350-0,A Phantasy,Gustavus Spurnier,Animation,1975
144697629-7,Television Under the Swastika (Das Fernsehen unter dem Hakenkreuz),Shay Masson,Documentary,1989
077921242-8,Lonely Hearts,Alexia Karpeev,Crime|Drama|Thriller,2005
456751605-2,Since Otar Left (Depuis qu'Otar est parti...),Nicky Schoenleiter,Drama,2005
055616407-5,Informant,Royce Gandy,Documentary,2012
841252134-X,In the Park,Delores Lorain,Comedy,1966
415268893-9,Capture of Bigfoot  The,Nat Batchelor,Adventure|Horror|Sci-Fi,1953
931506261-2,Proof,Vin Georgi,Comedy|Drama|Romance,1954
055596207-5,Boys & Girl from County Clare  The (a.k.a. The Boys from County Clare),Florance Godmer,Comedy|Musical|Romance,2018
734157993-5,Don Verdean,Samara Joly,Comedy,2005
906704671-X,X2: X-Men United,Owen Webster,Action|Adventure|Sci-Fi|Thriller,2015
921505819-2,Man Facing Southeast (Hombre mirando al sudeste),Maxine Clissold,Drama|Sci-Fi,2001
495015301-3,Stalin,Madelin Anwell,Drama,1968
744553922-0,Crisis: Behind a Presidential Commitment,Ray Revell,Documentary,1970
382187036-2,Shoot First  Die Later,Nikita Kimmins,Action|Crime,2008
676607412-4,Raiders of the Lost Ark (Indiana Jones and the Raiders of the Lost Ark),Hyacinthia Leuty,Action|Adventure,1955
882002439-X,I  the Worst of All (Yo  la peor de todas),Kayle Madelin,Drama,2001
864652396-9,It's a Boy Girl Thing,Mariellen Neligan,Comedy|Romance,2006
042394231-X,Reconstituirea (Reconstruction),Farris Langman,Comedy|Drama,1980
999580504-9,No Holds Barred,Ransom Hawkridge,Action,2010
107407367-3,One Man's Hero,Cookie Morphey,Drama|War,1981
433515103-9,Illusion Of Blood,Bill Fee,Fantasy|Horror,1980
367817753-0,New York Minute,Temple Rolfi,Action|Adventure|Comedy,2008
923013161-X,One Hour Photo,Onfre Nagle,Drama|Thriller,1963
755779097-9,Closely Watched Trains (Ostre sledované vlaky),Christoper Jury,Comedy|Drama|War,2020
998291485-5,Wild Rovers,Jaquenetta Castles,Western,1958
258584753-5,Victim,Mitch Lammert,Crime|Drama,1978
255968156-0,Born to Be Bad,Terry Flight,Drama|Romance,1980
367924057-0,Possessed,Elisabet Wilshin,Drama|Film-Noir,1995
639902715-2,Some Folks Call It a Sling Blade,Brandise Beekmann,Drama|Thriller,1987
686141577-4,Strawberry Statement  The,Sonny McKeevers,Drama|Romance,1976
460337099-7,Jonestown: The Life and Death of Peoples Temple,Reggie Dixcee,Documentary,1958
653814891-3,Jönssonligan spelar högt,Sal Scutter,Comedy,1986
120201921-8,Quiet American  The,Catina Vickress,Drama|Romance|Thriller|War,1976
148176642-2,Looking for Mr. Goodbar,Karee Loseby,Drama,1943
067767940-8,Pickpocket,Onfroi Muffett,Crime|Drama,2011
337896208-9,Scenes of a Sexual Nature,Constantine Sitwell,Comedy|Drama|Romance,1995
775235816-9,Virginia's Run,Valentine Howey,Drama,1988
532234407-1,Cameraman: The Life and Work of Jack Cardiff,Jed Habbergham,Documentary,1969
130001674-4,Toolbox Murders  The,Cathlene Caze,Horror|Thriller,2011
021650040-0,Street Fighter: The Legend of Chun-Li,Cullen Marzella,Action|Adventure|Sci-Fi|Thriller,1942
833929157-2,Son of Frankenstein,Dru Awty,Horror,1953
653054743-6,Perifery (Härmä),Lorie Saffe,Drama,1978
785624605-7,Justin Bieber's Believe,Leonanie Ronnay,Documentary,1987
475255206-X,Grand Theft Parsons,Dolley Marieton,Comedy|Drama,1990
018794375-3,8 Mile,Myrlene Bowling,Drama,2010
462903352-1,B.N.B. (Bunty Aur Babli),Marris Hengoed,Adventure|Comedy|Crime,1952
219457862-5,Long Ships  The,Tally Treasaden,Adventure,1995
176894480-6,Mutant Aliens,Erick Woolaghan,Animation|Comedy|Sci-Fi,1993
465536500-5,Leonard Part 6,Walton Verma,Comedy|Sci-Fi,2017
874366431-8,Beloved (Les bien-aimées),Domenico Clynman,Drama|Musical|Romance,2005
363871038-6,Chimes at Midnight (Campanadas a medianoche),Zola Burditt,Comedy|Drama|War,1983
982693723-1,Spoilers  The,Amargo Galliard,Action|Western,2008
572140224-5,Nightmares in Red White & Blue: The Evolution of the American Horror Film,Cristy Castles,Documentary|Horror,1962
707300865-2,Little Lord Fauntleroy,Bobette Lonsdale,Drama,1993
961838757-7,Adventures of Huckleberry Finn  The,Immanuel Strowan,Adventure|Children,1996
812024769-8,Dying Swan  The (Umirayushchii lebed),Georgy St. Quintin,Drama,1985
493484385-X,Just Bea (Bare Bea),Oliver Dibson,Drama,1973
802621601-6,Phantom of the Megaplex,Tadeas Bilsford,Action|Children|Comedy|Mystery,1967
035511166-7,The Adventures of André and Wally B.,Marjorie Scatchard,Animation,1945
643737881-6,World Is Not Enough  The,Chicky Doorbar,Action|Adventure|Thriller,1987
114146974-X,Ghost Writer  The,Ester Summerton,Drama|Mystery|Thriller,1954
815442207-7,My Mother's Castle (Château de ma mère  Le),Matilda Philpin,Comedy|Drama,2009
374207807-0,History of Kim Skov (Historien om Kim Skov),Petronia Jennison,Documentary|Drama,1993
572901096-6,African Queen  The,Rory Wareing,Adventure|Comedy|Romance|War,1948
033089912-0,Lady in Number 6: Music Saved My Life  The,Rosie Harniman,Documentary|Drama,1974
371003398-5,Love of Siam  The (Rak haeng Siam),Cyndy Behnecke,Drama|Mystery|Romance,1969
303931190-5,Day of the Dead,Jacinda Ounsworth,Horror,1952
309138097-1,Bloodtide,Elly Cowhig,Horror,2001
680325700-2,Flame of New Orleans  The,Lou Donson,Comedy|Romance,1998
747846033-X,Just Like Us,Stanleigh Clewer,Comedy|Documentary,1959
693649373-4,21 and Over,Archibaldo Palphramand,Comedy,1998
590311221-8,I Love Trouble,Bar St. Paul,Crime|Drama,1967
489255327-1,Deep Red (Profondo rosso),Janeen Wooster,Horror|Mystery|Thriller,1991
728007182-1,Cowboys  The,Georgina Gianuzzi,Western,1997
384493797-8,Tokyo Decadence (Topâzu),Veronike Ropp,Drama,1986
591895613-1,Por un puñado de besos,Adeline Titmarsh,Drama|Romance,1942
122766569-5,Lords of Discipline  The,Jean Tofts,Thriller,1955
276169652-2,Carriers Are Waiting  The (Convoyeurs attendent  Les),Wilfred Twist,Comedy|Drama,1997
614506343-2,xXx: State of the Union,Hasheem Gitsham,Action|Crime|Thriller,2000
122835777-3,Eloise at Christmastime,Goddart Poveleye,Children|Comedy|Drama,1996
628891556-4,Cold Mountain,Lawry Altimas,Drama|Romance|War,2006
094081172-3,Waking Up in Reno,Giusto McGrath,Comedy|Romance,1945
497035105-8,From the Sky Down,Ki Blanckley,Documentary,1980
365682144-5,The Dot and the Line : A Romance in Lower Mathematics,Weider Tunny,Animation|Children|Comedy,1943
771599701-3,Jesse Stone: No Remorse,Mallory Lockhurst,Crime|Mystery,1954
815055410-6,99 River Street,Shoshana Andreotti,Action|Crime|Drama|Film-Noir,1964
550093730-8,Big Blue  The (Grand bleu  Le),Jocko Pierson,Adventure|Drama|Romance,1978
601363040-2,Mud,Robbie Redman,Adventure|Crime|Drama,1994
820015973-6,Changeling  The,Dale Kenshole,Horror|Mystery|Thriller,1994
608701478-0,Photos in the City of Sylvia (Unas fotos en la ciudad de Sylvia),Maisey Knevet,Documentary,2007
451036714-7,Lunch Break,Bernarr McAleese,Documentary,1995
468269039-6,Godspeed,Marcile Pettyfar,Drama|Horror|Thriller,1949
824285272-3,Wanted,Ruthy Saffer,Action|Romance,2002
306872440-6,Nutty Professor  The,Shirline Dymock,Comedy|Fantasy|Romance|Sci-Fi,1994
572729039-2,Freedom,Desirae Tyson,Drama,1990
544760674-8,Tea and Sympathy,Karel Choke,Drama|Romance,1997
767957755-2,Lemonade Joe (Limonádový Joe aneb Konská opera),Jack Danilchik,Adventure|Comedy|Musical|Romance|Western,2019
905816189-7,Scary Movie 3,Linet Brew,Comedy|Horror,2001
154874701-7,Everything Relative,Sheila Johanning,Drama,1991
867296370-9,Stolen,Justinn Dryburgh,Action|Crime|Thriller,1965
303726122-6,Yor  the Hunter from the Future,Ciro Millican,Sci-Fi,1965
330202280-8,Money Matters ,Elane Chopy,Drama,1950
683121564-5,I Married a Monster from Outer Space,Barret Rosellini,Horror|Sci-Fi,1973
657589848-3,Big White  The,Kelbee Murcott,Comedy|Crime|Drama,2005
278619826-7,Death of a Bureaucrat (La muerte de un burócrata),Rockey Lansbury,Comedy,2017
937190367-8,Rum Diary  The,Debby Bosche,Comedy|Drama|Thriller,1996
913408220-4,The Possession of Michael King,Delmer McRorie,Horror,2015
758003539-1,Shiver of the Vampires  The (Frisson des vampires  Le),Wilbert Gymlett,Horror,2008
050464547-1,The New Babylon,Gwendolyn Horsefield,Drama,1976
694532292-0,Bloodsucking Pharaohs in Pittsburgh,Donnie Flohard,Comedy|Horror,1994
216578067-5,Secret Ballot (Raye makhfi),Patti Corradeschi,Comedy,2019
685105727-1,Mulholland Drive,Janek Lysaght,Crime|Drama|Film-Noir|Mystery|Thriller,1970
626604443-9,Frankenstein's Army,Christen Syrett,Action|Horror|Sci-Fi,1972
291751247-4,Vollidiot,Oberon Wattisham,Comedy|Drama,2013
817719583-2,Fatal Instinct,Maje McRitchie,Comedy,1997
848881184-5,Futureworld,Andonis Edgeworth,Sci-Fi|Thriller,1999
037650799-3,Falling Down,Adel Bolver,Action|Drama,1945
956838262-3,Friday Night (Vendredi Soir),Kevon Stoyell,Drama,1995
546680843-1,In a Lonely Place,Shell Hegg,Drama|Film-Noir|Mystery|Romance,1953
194156890-4,Samurai Assassin (Samurai),Zebulon Buterton,Action|Adventure|Drama,2010
423353498-2,Aces and Eights,Mack Izakoff,Western,1992
377657693-6,Brother Orchid,Billy Sutherden,Comedy|Crime|Drama|Romance,2005
427194085-2,Testament of Dr. Mabuse  The (Das Testament des Dr. Mabuse),Harold Lisett,Crime|Horror|Mystery|Thriller,1985
380659262-4,Ciao Bella,Gordon Doddemeede,Comedy|Drama|Romance,1961
716941669-7,My Neighbor Totoro (Tonari no Totoro),Rolf Gomer,Animation|Children|Drama|Fantasy,1986
196249982-0,Race with the Devil,Nata Almond,Action|Horror|Mystery,2009
369425496-X,Last Dragon  The,Gabi Alldred,Action|Comedy|Drama,1993
746148460-5,Fireflies in the Garden,Hector Ferrao,Drama,2020
260493512-0,Boys Diving  Honolulu,Tessi Strete,Documentary,1997
911218220-6,Casablanca,Bobette Roper,Drama|Romance,2007
828911540-7,Brother 2 (Brat 2),Koral Shapland,Crime|Drama,1995
203572703-0,Arena,Budd Retallack,Sci-Fi,1991
272066799-4,Point of No Return,Lillis Shepley,Action|Thriller,1960
233624709-7,Jackass 2.5,Kris Lorant,Comedy|Documentary,1980
531229512-4,Carousel,Mayer Ivankov,Musical|Romance,2017
068209724-1,Orphan,Gayle Tockell,Drama|Horror|Mystery|Thriller,1956
698765036-5,Prophecy,Chryste Broun,Horror|Sci-Fi,2021
589046034-X,Calamity Jane,Caroljean Matthis,Musical|Western,1971
801108367-8,Winter Sleepers (Winterschläfer),Ellswerth Crepin,Drama|Romance,1948
824522626-2,Sanshiro Sugata Part Two (Judo Saga II) (Zoku Sugata Sanshirô),Dieter Spendlove,Action|Adventure,1980
070292559-4,Bogowie,Candi Kovalski,Drama,1974
724642370-2,Brothers Karamazov  The,Brandi Spawforth,Drama,1988
393502197-6,Man of Iron (Czlowiek z Zelaza),Iver Grzegorzewicz,Drama|Romance,1971
924814590-6,Duchess of Langeais  The (a.k.a. Don't Touch the Axe) (Ne touchez pas la hache),Katharyn Dundin,Drama|Romance,1949
735063127-8,Book of Love,Grayce Dominetti,Comedy|Drama,1972
298192536-9,Morning for the Osone Family,Saundra Stammer,(no genres listed),1979
025872104-9,Bananas,Prisca Stollery,Comedy|War,2002
740550182-6,Death of a President,Celinda Richarson,Crime|Drama|Mystery|Thriller,1974
082090811-8,Tender Trap  The,Petrina Pennone,Comedy|Musical,1971
255427691-9,D-Day,Elmira Greenstock,Action|Thriller,1985
385273044-9,Chocolate Soldier  The,Arda Crudginton,Comedy|Musical,1957
409589014-2,Cost of Living  The (Le coût de la vie),Isabeau Whawell,Comedy,1992
037561620-9,Hell's Gate 11:11,Josiah Bissatt,Horror|Thriller,1990
863842191-5,Westward the Women,Elissa Rosendorf,Drama|Western,1996
431141147-2,Fast  Cheap & Out of Control,Ban Burnep,Documentary,1985
468103354-5,Rundown  The,Prescott Clara,Action|Adventure|Comedy,1948
664076317-6,Six Pack,Rasla Leimster,Comedy|Drama,1996
538958660-3,Watercolors,Krishnah Dadley,Drama|Romance,1970
170223636-6,Priceless (Hors de prix),Angus McCarle,Comedy|Romance,1989
899380462-1,Immortel (ad vitam) (Immortal),Janina Bigmore,Action|Adventure|Animation|Fantasy|Sci-Fi,1978
627390664-5,Fruitvale Station,Barty Portinari,Drama,1950
611379279-X,Under the Skin of the City (Zir-e-poost-e Shahr),Andrea Loisi,Drama,1982
142004623-3,Survival Quest,Andres Fishbourne,Adventure|Thriller,1950
690428862-0,Perfume,Bryna Kasting,Comedy|Drama,2007
545228044-8,Mr. Bean's Holiday,William Thibodeaux,Comedy,1997
137151655-3,Silver Chalice  The,Humbert Camelli,Drama|Romance,2014
467480298-9,Karla,Flinn Batrick,Crime|Drama|Thriller,1945
840563774-5,Until September,Reynolds Hedde,Drama|Romance,2003
232220894-9,Pineapple Express,Lucias O'Calleran,Action|Comedy|Crime,2012
282428259-2,Babar The Movie,Genvieve Hagstone,Adventure|Animation|Children|Fantasy,1978
200387219-1,Butterfly Girl,Shelby Coyne,Documentary,1952
023263412-2,For Pete's Sake,Neille Ricson,Comedy,2009
365693681-1,Lisztomania,Joelynn Humpherston,Comedy|Fantasy|Musical,1995
390431737-7,Tears of the Sun,Gordan Haine,Action|Drama|Thriller,1956
778186642-8,Mischief Night,Toma Mc Caughan,Drama|Horror|Thriller,1964
107395194-4,Quatermass Xperiment  The,Vite Spray,Horror|Mystery|Sci-Fi|Thriller,1992
796353233-9,City by the Sea,Clarey Cauthra,Crime|Drama,1988
892123830-1,Kill Bill: Vol. 1,Nari Crick,Action|Crime|Thriller,1997
722680392-5,Shoot the Piano Player (Tirez sur le pianiste),Ibrahim Mawhinney,Crime|Drama|Romance|Thriller,1950
606060462-5,Innerspace,Drucie Lilford,Action|Adventure|Comedy|Sci-Fi,1955
793162900-0,Cohen and Tate,Rae Fern,Crime|Thriller,2008
571886528-0,Innocent Affair  An (Don't Trust Your Husband) (Under Suspicion),Arri Wabersich,Comedy,1966
294774351-2,We All Loved Each Other So Much (C'eravamo tanto amati),Analise Kevlin,Comedy|Drama,1984
817427336-0,Sweet Bird of Youth,Shurlock Pevie,Drama,1957
562634825-5,National Security,Andres De Cleen,Action|Comedy,2014
268172573-9,Tremors 3: Back to Perfection,Renae Gantzman,Comedy|Horror|Sci-Fi,1985
947029011-9,Twister,Swen Drohane,Comedy,1953
510189567-9,In Bed (En la cama),Geralda Bilney,Drama,1963
221565754-5,Black Sun (Kuroi taiyô),Goober Shemwell,Drama|Thriller,2006
712456937-0,The Karen Carpenter Story,Wildon Brownett,(no genres listed),1957
579733563-8,Afflicted  The,Libby Gaynsford,Horror|Thriller,2005
826459695-9,Great Bank Hoax  The,Reese Martinek,Comedy|Crime,2002
333338599-6,Top Gun,Ashton McCaskill,Action|Romance,1962
656134566-5,Burton and Taylor,Artie O'Cahill,Drama,2012
740230031-5,Vendetta,Emyle Tarborn,Action|Crime,2014
016914495-X,Harry Potter and the Order of the Phoenix,Melantha Upstone,Adventure|Drama|Fantasy|IMAX,1995
657209138-4,Return of the Magnificent Seven  The (a.k.a. Return of the Seven),Aurelie Saltsberger,Western,1943
084480444-4,Gypsy,Sylvester Brookz,Comedy|Drama|Musical,1962
871681736-2,Kind Lady,Justina Scollick,Drama|Thriller,2021
237692587-8,Liquid Sky,Morly Chant,Comedy|Sci-Fi,1996
458749488-7,Three Men and a Little Lady,Esra Neill,Comedy|Romance,1988
533835454-3,Rocaterrania,Taddeusz Weeds,Documentary|Fantasy,2021
311285675-9,First Love,Maxine Dunbar,Comedy|Musical,1953
726688283-4,Password: Uccidete agente Gordon,Ara Bothen,(no genres listed),2018
339063393-6,Chaperone  The,Mair Lebbon,Action|Comedy,1943
826773418-X,Nothing Personal,Danie Ather,Drama|War,1949
797817296-1,Sleeping Car  The,Dalia Dible,Comedy|Horror,1975
711877085-X,Special 26,Jeannine Le Noury,Crime|Drama|Thriller,2001
016181390-9,Great Lie  The,Christophe O'Kane,Drama,1949
683261978-2,Sea Wolf  The,Ricoriki Adlington,Adventure|Drama,1952
147363385-0,Gunner Palace,Gregoire Goly,Documentary|War,2000
217876837-7,Freezer,Fayth Mackinder,Action|Thriller,1964
363532450-7,Murder by Death,Rube Gleder,Comedy|Crime|Mystery|Thriller,1952
732348038-8,At Home by Myself... with You,Sheryl Gentzsch,Comedy|Romance,1962
755643641-1,Shoulder Arms,Enoch Mingey,Comedy|War,2006
675354847-5,Two Mrs. Carrolls  The,Alicia Nassi,Crime|Drama|Film-Noir|Thriller,2009
073433905-4,American Hardcore,Wyatan Cardow,Documentary,1942
633340799-2,Lonelyhearts,Harwilll Allmen,Drama|Film-Noir,2020
242336825-9,Man on Wire,Prinz Bownde,Documentary,2006
976537196-9,Man's Castle,Candra Atherley,Drama|Romance,1950
384925341-4,FC Venus,Essy Yerrell,Comedy|Romance,1957
902567415-1,Because I Said So,Puff Skurray,Comedy|Drama|Romance,1975
804254221-6,Devil's Doorway,Alice Molen,Western,2013
568640435-6,Story of Esther Costello  The,Ring Troup,Drama,1954
525069405-5,Search for the Beast,Marianne Selesnick,Horror,2004
719965193-7,Space Amoeba (Yog: Monster from Space),Silvana Gergus,Action|Sci-Fi,1962
326244195-3,Pigs and Battleships (Hogs and Warships) (The Flesh Is Hot) (Buta to gunkan),Lester Cornford,Comedy|Crime|Drama,1995
256501068-0,Beneath the Harvest Sky,Sibylle Ferencz,Drama,1997
396658242-2,Cyborg Girl (Boku no kanojo wa saibôgu),Nicolea Kordas,Action|Comedy|Romance|Sci-Fi,1975
431554984-3,Three Colors: White (Trzy kolory: Bialy),Kym Damsell,Comedy|Drama,1986
565857222-3,There Will Be No Leave Today (Segodnya uvolneniya ne budet),Ario Emberton,Drama|Thriller,1943
315811195-0,World Is Not Enough  The,Dane Lakin,Action|Adventure|Thriller,2019
130381157-X,Holiday,Poppy Mulholland,Comedy|Drama|Romance,2006
479532081-0,Slumber Party Massacre III,Elizabet Bootland,Horror,1982
772906100-7,Legend of the Red Dragon (a.k.a. New Legend of Shaolin  The) (Hong Xi Guan: Zhi Shao Lin wu zu),Kanya Brearty,Action|Adventure|Comedy|Drama|Romance,1996
928833804-7,McConkey,Milena Road,Adventure|Documentary,2015
560757321-4,Into the Sun,Melicent Lenox,Action|Adventure|Thriller,2003
022882406-0,King Lear,Lucho Bushen,Comedy|Drama|Sci-Fi,1988
028441771-8,Hardball,Eudora Christiensen,Drama,1963
767942947-2,Thin Man  The,Pincus Peever,Comedy|Crime,1957
078680263-4,Sum of Us  The,Gordy Swepson,Comedy|Drama,2005
029031508-5,Joe Dirt,Dick Yesinov,Adventure|Comedy|Mystery|Romance,1944
610034779-2,Stranger  The,Yuri Garlick,Action,1969
099493596-X,Love Wrecked,Brooke Halms,Comedy|Romance,2001
716614798-9,Youth Without Youth,Wilbert Agirre,Drama|Romance|Sci-Fi,2010
433454624-2,In the Shadow of the Moon,Krissy Gelling,Documentary,1983
907703954-6,Densha otoko (Train Man),Giovanni Abley,Comedy|Romance,1952
208922601-3,Past  The (Le passé),Cly Hendriks,Drama|Mystery|Romance,1946
136314970-9,Devil Wears Prada  The,Giff Connerly,Comedy|Drama,1944
031052535-7,Scarlet Letter  The,Webb Ghiron,Drama,1977
394630158-4,Animal Factory,Bendick Fillimore,Crime|Drama,1969
074770403-1,Leopard Man  The,Tarrance McQuillen,Drama|Horror|Mystery|Thriller,1952
391962861-6,Interpreter  The,Meredith Barlie,Drama|Thriller,1996
155224159-9,Black Bread (Pa Negre),Vicki Kubecka,Drama,1973
904507017-0,Parental Guidance,Howard Trustie,Comedy,1987
355557977-0,Milky Way  The (Voie lactée  La),Honey Antoinet,Comedy|Drama,1994
155548844-7,Party Girl,Dasha Horlick,Drama|Film-Noir,1981
939957333-8,Frost/Nixon,Alberto Hablet,Drama,1959
633212211-0,Talking Funny,Blondie Robert,Comedy,1950
729468212-7,Torn,Jyoti Fenwick,Drama,1948
328504587-6,Never Weaken,Dominik Darey,Comedy|Thriller,1982
047885146-4,Blue Skies,Sheilakathryn Callway,Comedy|Drama|Musical|Romance,1967
012019006-0,Voices of a Distant Star (Hoshi no koe),Francine Leethem,Animation|Drama|Romance|Sci-Fi,1957
138726595-4,Dodge City,Sherlock Dominicacci,Romance|Western,1998
090878485-6,Making 'The New World',Thorn Emsley,Documentary,1947
044798093-9,Varan the Unbelievable,Myrta Thurlow,Action|Drama|Sci-Fi,1993
809089077-6,Camille,Francesca McTear,Drama|Romance,1949
458641718-8,Aviator  The,Wanda Maccaddie,Drama,1978
714424657-7,Cyborg Girl (Boku no kanojo wa saibôgu),Kenna Dukesbury,Action|Comedy|Romance|Sci-Fi,2005
190677935-X,Devil Inside  The,Gilberto Millichip,Horror|Thriller,1992
414587761-6,Dante's Inferno,Jordana De la Yglesia,Action|Drama,1961
758574336-X,Little Girl Who Lives Down the Lane  The,Blake Sabey,Drama|Mystery|Thriller,1947
729192743-9,Batman: The Dark Knight Returns  Part 2,Gavra Mansel,Action|Animation,1942
662420085-5,6 Souls (Shelter),Veronike Haquard,Horror|Mystery|Thriller,1975
880996961-8,Life Before Her Eyes  The,Gerry Ling,Drama|Thriller,1970
643858649-8,Killing Bono,Fae Hammant,Comedy,1988
294377729-3,Gonzo: The Life and Work of Dr. Hunter S. Thompson,Janessa Meneux,Documentary,1990
170647348-6,The Interview,Amity Medmore,Action|Comedy,1955
226979321-8,Ordet (Word  The),Lyndel Chalcot,Drama,2021
992080757-5,Aristocrats  The,Brade Liffey,Comedy|Documentary,1943
012245977-6,Guide for the Married Man  A,Arden Lacase,Comedy,1959
146348596-4,Frozen Fever,Sissie Sleet,Adventure|Animation,2004
147300295-8,Thirty-Five Something (Tout pour plaire),Erminie Daveren,Comedy,2015
842121054-8,Not Love  Just Frenzy (Más que amor  frenesí),Reinhold Bemrose,Comedy|Drama|Thriller,1980
900463147-X,Silent Night  Deadly Night Part 2,Rebekah Ceschini,Comedy|Horror,2016
925673806-6,French Fried Vacation (Les Bronzés),Camel Espy,Comedy,1973
744551725-1,Just Bea (Bare Bea),Emmeline Reeme,Drama,1962
740774765-2,Halo 4: Forward Unto Dawn,Derek Lestrange,Action|Sci-Fi|Thriller,1992
215040418-4,Black Legion,Boris Decent,Crime|Drama,1954
643367766-5,No Time for Love,Antonetta Burkhill,Comedy|Romance,1978
679483161-9,Potiche,Keane Potapczuk,Comedy,2019
445957229-X,Silverado,Timi Ballefant,Action|Western,1945
841806615-6,Budz House,Trude Jeske,Comedy,1949
858399428-5,Lady in Red  The,Marcel Welchman,Action,1991
614754221-4,Wind  The,Theresa Chartman,Drama|Western,1993
789057254-9,Hollywood or Bust,Hayden Sleightholm,Comedy|Musical,1950
540095786-2,Pirates,Betteann Buckwell,Adventure|Comedy,1965
317439530-5,Jonah: A VeggieTales Movie,Aimee Wanka,Animation|Children|Musical,2000
882476824-5,Choke,Jacquelynn Greeves,Comedy|Drama,2015
531700041-6,Anything Else,Boote Furzer,Comedy|Drama|Romance,2016
650889748-9,Carousel,Nefen Szreter,Musical|Romance,2014
742593897-9,Black Cadillac,Prinz Vallens,Horror|Thriller,2019
237962360-0,Three O'Clock High,Camile Jachimczak,Comedy,2006
102689494-8,Humboldt County,Teirtza Golagley,Comedy|Drama,1983
737365993-4,Nostalgia for the Light (Nostalgia de la luz),Dora Bavister,Documentary|Drama,2015
164876737-0,7 Plus Seven,Alphonse Kobiera,Documentary,1982
172934457-7,Dance of Reality  The (Danza de la realidad  La),Tymothy Gruszka,Drama|Fantasy,1963
188338190-8,House on Haunted Hill,Ivan Barthelemy,Horror|Thriller,1992
121986928-7,Airborne,Llywellyn Coomber,Adventure|Comedy,1995
632272875-X,Apollo 13: To the Edge and Back,Marika Lonnon,Documentary,1973
212449040-0,The Hyperboloid of Engineer Garin (Giperboloid inzhenera Garina),Nevil Sunnex,Sci-Fi,1981
218806463-1,Bad 25,Justus Ruslinge,Documentary,2007
311415412-3,Brothers Lionheart  The (Bröderna Lejonhjärta),Meggie Mullins,Adventure|Children|Fantasy,1952
264192645-8,My Perestroika,Felicia Syseland,Documentary,1945
226044240-4,Rounders,Sullivan Capeling,Drama,1971
244016074-1,You Will Be My Son (Tu seras mon fils),Gordan Bourdis,Drama,2006
755842552-2,Serving Sara,Tiebold Choudhury,Comedy|Romance,1991
535868110-8,Forever,Beilul Plester,Documentary,1965
131596853-3,Hook,Evania Maro,Adventure|Comedy|Fantasy,1988
501226322-7,Boat  The,Elwira Ferrettino,Comedy,1994
398864136-7,Very British Gangster  A,Hugibert Jonin,Crime|Documentary,2002
080313138-0,Fellini's Roma (Roma),Jocko Ransbury,Drama,1988
392999729-0,Troma's War ,Reube Kunz,Action|Adventure|Comedy,1960
535836030-1,Wyoming Renegades,Saunderson Hultberg,Romance|Western,1990
322973018-6,Cousins  The (Cousins  Les),Georgianna Cowley,Drama|Romance,1998
863663042-8,Keys to Tulsa,Leta Themann,Crime,1956
113859503-9,Cruising,Thoma Tolhurst,Crime|Drama|Thriller,1967
619870961-2,Get Yourself a College Girl,Kiersten Theriot,Comedy,1971
426752481-5,Fraulein (Das Fräulein) ,Betsey Whilde,Drama,1957
840890678-X,Bounty Hunters (Bail Enforcers),Gwenneth Monday,Action,1945
930411891-3,Hard Target,Tessie Hackwell,Action|Adventure|Crime|Thriller,1997
617925758-2,Romasanta: The Werewolf Hunt,Porty Brittan,Drama|Horror|Mystery,1998
604873436-0,Superman/Batman: Apocalypse,Orin Mildenhall,Animation,1964
149205890-4,Young Mr. Lincoln,Phillip Bastistini,Drama,1978
772179784-5,Creator,Ruby Bedborough,Comedy|Drama|Romance,1960
953535801-4,Good Night to Die  A,Geordie McCarlie,Action|Comedy|Crime|Thriller,1997
238015943-2,Legend of Hercules  The,Giffie Coare,Action|Adventure,1973
118313398-7,Operation Mad Ball,Demetris Turnbull,Comedy|War,1982
078857093-5,Grande école,Cullen Swannell,Drama,1955
729540793-6,High Strung,Dewitt Eggle,Comedy,1969
185004247-0,#chicagoGirl: The Social Network Takes on a Dictator,Kile Scrase,Documentary,1965
666362689-2,Fullmetal Alchemist: The Sacred Star of Milos,Udell MacKinnon,Action|Adventure|Animation,1975
352072555-X,Shot in the Heart,Jerad Commuzzo,Crime|Drama,1976
711834741-8,Unhook the Stars,Alicea Twycross,Drama,2010
601968740-6,Instructions Not Included (No se Aceptan Devoluciones),Kerri Wreford,Comedy|Drama,1980
307298195-7,Abraham's Valley (Vale Abraão),Luise Vaune,Drama,2016
839852156-2,Winter Break,Pia Baline,Comedy|Drama,2010
733803876-7,Melody Time,Adriana Cluley,Animation|Children|Musical,2010
975099052-8,Top Gun,Cherilynn Dietzler,Action|Romance,1962
483265011-4,Dante's Inferno: An Animated Epic,Yorke Adanez,Action|Animation|Fantasy,1948
930363345-8,Playing the Victim (Izobrazhaya zhertvu),Christoper Flaune,Comedy,1974
651718108-3,Wanted! (Nachbarinnen),Harv Riddington,Drama,1973
045640138-5,The Remaining,Bettye Gerber,Horror|Thriller,2007
725661781-X,Maximum Risk,Carry Blackman,Action|Adventure|Thriller,1997
767691705-0,3 Needles,Glen Kainz,Drama,1975
686523283-6,Trinity and Beyond,Chlo Kapelhof,Documentary,2010
869970415-1,Adversary  The (L'adversaire),Rafe Nineham,Crime|Drama|Mystery|Thriller,1979
413509778-2,Adventures of Sebastian Cole  The,Conn Tallant,Comedy|Drama,2002
351892307-2,Next Three Days  The,Carrol Dulany,Crime|Drama|Romance|Thriller,1987
028611060-1,Behind Enemy Lines,Janos Marquiss,Action|Drama|War,2001
572839951-7,Voices of a Distant Star (Hoshi no koe),Sherry Jaspar,Animation|Drama|Romance|Sci-Fi,2014
254813838-0,Frostbitten (Frostbiten),Elvyn Tomney,Comedy|Horror,1954
600704432-7,Weight of Water  The,Joann Alliberton,Thriller,1942
508959711-1,Return of Don Camillo  The (Retour de Don Camillo  Le),Arch Tordoff,Comedy,1990
980769399-3,Centennial,Crawford Aldwick,Action|Adventure|Drama|Romance|Western,2011
398370556-1,Bird,Bianca Brach,Drama|Musical,1959
741770462-X,Last Detail  The,Hoyt Noe,Comedy|Drama,2010
219259909-9,Great White Hype  The,Brook Curnokk,Comedy,1953
584319152-4,Graffiti Bridge,Julian Arger,Drama|Musical,1980
584636125-0,Death at a Funeral,Tally Treffrey,Comedy,2016
225991093-9,Bound by Honor (a.k.a. Blood In  Blood Out),Carolann Dearnly,Action|Crime|Drama|Thriller,1976
487350417-1,G. I. Blues,Bondy Surphliss,Comedy|Musical|Romance,1963
713587179-0,Madame Sin,Clemmie De Angelo,Thriller,1949
867822935-7,Haunted Mansion  The,Serena Riping,Children|Comedy|Fantasy|Horror,1992
000870877-0,Sunshine Boys  The,Darlene Barzen,Comedy,2013
273234263-7,Dangerous Moves (La diagonale du fou),Darline Westcar,Drama|Thriller,1993
800689569-4,Sun Shines Bright  The,Zahara Hawkswood,Comedy|Drama,2013
751451008-7,Closing the Ring,Carl Dach,Drama|Romance,2012
139054004-9,Kids of Survival,Paola Rickert,Documentary,1989
569989845-X,National Lampoon's Lady Killers (National Lampoon's Gold Diggers),Ddene Tomasz,Comedy,1969
122137376-5,Crane World (Mundo grúa),Tomasine Barke,Comedy|Drama,1963
147789164-1,Chicago 10,Bev Cuell,Animation|Documentary,1971
884607460-2,28 Hotel Rooms,Shaylynn Taveriner,Drama,1981
312663076-6,Survivors  The,Erny Strike,Comedy,1947
531170787-9,7th Cavalry (Seventh Cavalry),Lyndy Grimsey,Western,1996
744731640-7,Rich  Young and Pretty,Fanchette Ensley,Comedy|Musical|Romance,1986
611606266-0,Protocols of Zion,Zebulon Piscotti,Documentary,1947
846427442-4,Scorpion King 2: Rise of a Warrior  The,Chauncey Woan,Action|Adventure|Fantasy,2007
967854478-4,Wicker Man  The,Dylan Pummell,Horror|Mystery|Thriller,2003
338024519-4,Ball of Fire,Clarey D'Ambrosio,Comedy|Romance,1997
357734361-3,Life Is Beautiful (La Vita è bella),Juliane Moland,Comedy|Drama|Romance|War,1965
064034345-7,Beautiful Darling,Jacinta Longthorne,Documentary,2012
803879614-4,Kites,Saleem Giraudou,Action|Drama|Romance,2017
314058477-6,Dragon Missile  The (Fei long zhan),Averill Burk,Action,1958
302352785-7,Walker,Ramonda Lakenden,Adventure|Drama|War|Western,2002
491507216-9,Hot Dog... The Movie,Chance Walby,Comedy,2003
190629156-X,Enter the Ninja (a.k.a. Ninja I),Tamqrah Poskitt,Action|Drama,1961
578965283-2,Fear of a Black Hat,Jerald Clynter,Comedy,2005
369872852-4,That Obscure Object of Desire (Cet obscur objet du désir),Yorker Heal,Drama,1948
414921016-0,Russell Peters: Outsourced,Dav Gogerty,Comedy|Documentary,1969
348639431-2,Parker,Isabelle Betser,Crime|Thriller,2005
267794602-5,Chhoti Si Baat,Hamish Sherewood,Comedy|Romance,1990
893231588-4,Evergreen,Moishe Gommowe,Drama,1945
509916665-2,The Beast Kills in Cold Blood,Grayce Gilbart,Horror|Mystery|Thriller,2019
231585860-7,Predators,Salvador De Hoogh,Action|Sci-Fi|Thriller,1948
975701907-0,Johnny Mnemonic,Bowie O'Flaverty,Action|Sci-Fi|Thriller,1983
524988965-4,Lavender Hill Mob  The,Jessika McLernon,Comedy|Crime,2014
281235451-8,Omen  The,Gianni Wyatt,Horror|Thriller,1997
194294128-5,Trial of the Road (Check-up on the Roads) (Checkpoint) (Proverka na dorogakh),Amaleta Grassett,Drama|War,1981
491155161-5,Red: Werewolf Hunter,Con Acom,Action|Fantasy|Horror,1964
593599515-8,And God Created Woman,Thane Wessing,Comedy|Drama|Romance,1944
735260333-6,Cahill U.S. Marshal (Cahill: United States Marshal) (Wednesday Morning),Chad Coopland,Western,1984
041669440-3,People Will Talk,Gertrudis Grisewood,Comedy|Romance,2012
174875987-6,Young Victoria  The,Ambrosius Tomaszynski,Drama|Romance,2013
907730764-8,Werckmeister Harmonies (Werckmeister harmóniák),Colet Cosgriff,Drama,1982
204204695-7,West (Occident),Pooh Hallybone,Comedy,2020
887299035-1,Chicago,Bent Phillput,Comedy|Crime|Drama,2021
358943855-X,Jet Li's Fearless (Huo Yuan Jia),Hubert Bassindale,Action|Drama,2015
024761900-0,Into Great Silence (Die große Stille),Ilene Fordyce,Documentary,1986
677987847-2,Silence  The (Das letzte Schweigen),Kirsti Fowlston,Crime|Drama|Thriller,2011
613628165-1,Day Is Done,Gussi Tebbet,Documentary,1963
910888945-7,True Blue ,Jorrie Wiz,Crime|Drama|Thriller,1965
858492102-8,Twin Town,Lee Greves,Comedy|Crime,1962
593205507-3,Woodsman  The,Salaidh Jewster,Drama,1992
670549446-8,Headhunter's Sister  The,Lara Ragborne,Drama,2004
079997592-3,Blackbird  The,Grange Giddens,Crime|Drama,1960
822064425-7,Nightmare Alley,Rozalie Harbottle,Drama|Film-Noir,1973
565415916-X,In a World...,Sutton Leger,Comedy,1945
414637300-X,Blackbird,Darius Rossbrooke,Animation,1965
692364379-1,Of Snails and Men (Despre oameni si melci),Wandie Ferby,Comedy,1947
025559875-0,Hollow Man,Jesse Shead,Horror|Sci-Fi|Thriller,1975
123123,TITLE1,AUTHOR1,GENRE1,YEAR1
12312312,TITLE2,AUTHOR2,GENRE2,YEAR2
999999,TITLE3,AUTHOR3,GENRE3,YEAR3